{
  "rouge": {
    "rouge1": {
      "precision": 0.9953631138975967,
      "recall": 0.9239209505334627,
      "f1": 0.9583123742454729
    },
    "rouge2": {
      "precision": 0.9742015544379857,
      "recall": 0.9042740224310397,
      "f1": 0.9379362384455764
    },
    "rougeL": {
      "precision": 0.983346394984326,
      "recall": 0.912766731328807,
      "f1": 0.9467429577464789
    }
  },
  "meteor": 0.6387522684944461,
  "bertscore": {
    "precision": 0.9952279329299927,
    "recall": 0.9941898584365845,
    "f1": 0.9947085976600647
  },
  "kendall_tau": 1.0,
  "summarization_method": "LEXRANK-TA"
}