{
  "rouge": {
    "rouge1": {
      "precision": 0.9670459234805164,
      "recall": 0.9944228903976722,
      "f1": 0.9805433515646014
    },
    "rouge2": {
      "precision": 0.9416342412451362,
      "recall": 0.9682934222491664,
      "f1": 0.9547777744567654
    },
    "rougeL": {
      "precision": 0.9521900607203915,
      "recall": 0.9791464597478177,
      "f1": 0.9654801398726801
    }
  },
  "meteor": 0.7344763123243431,
  "bertscore": {
    "precision": 0.9847253561019897,
    "recall": 0.9879416823387146,
    "f1": 0.9863309264183044
  },
  "kendall_tau": 1.0,
  "summarization_method": "LEXRANK-TA"
}