{
  "rouge": {
    "rouge1": {
      "precision": 0.9030052073530335,
      "recall": 0.8725145489815713,
      "f1": 0.8874980730692154
    },
    "rouge2": {
      "precision": 0.7245576609361275,
      "recall": 0.7000909366474689,
      "f1": 0.7121142046680851
    },
    "rougeL": {
      "precision": 0.2106782106782107,
      "recall": 0.20356450048496605,
      "f1": 0.20706027439494373
    }
  },
  "meteor": 0.45294754389713565,
  "bertscore": {
    "precision": 0.8362696766853333,
    "recall": 0.8339908123016357,
    "f1": 0.8351287245750427
  },
  "kendall_tau": 0.32000163957597805,
  "summarization_method": "LEXRANK"
}