{
  "rouge": {
    "rouge1": {
      "precision": 0.969188634029442,
      "recall": 0.6864694471387003,
      "f1": 0.8036905606813344
    },
    "rouge2": {
      "precision": 0.7900368056149961,
      "recall": 0.5595635040921492,
      "f1": 0.6551210163957697
    },
    "rougeL": {
      "precision": 0.24897295446764806,
      "recall": 0.17634578079534433,
      "f1": 0.20645848119233498
    }
  },
  "meteor": 0.361252969215446,
  "bertscore": {
    "precision": 0.8362696766853333,
    "recall": 0.8339908123016357,
    "f1": 0.8351287245750427
  },
  "kendall_tau": 0.3047925024967,
  "summarization_method": "LEXRANK"
}